{
  "parameters": {
    "map_file": "test_map_500.txt",
    "map_size": "500",
    "days": 150,
    "max_threads": 8
  },
  "c_benchmarks": {
    "serial": {
      "time": 0.35478933333333335,
      "threads": 1
    },
    "parallel": {
      "1": {
        "time": 0.346,
        "speedup": 1.025402697495183,
        "efficiency": 102.5402697495183
      },
      "2": {
        "time": 0.18333333333333332,
        "speedup": 1.9352145454545457,
        "efficiency": 96.76072727272728
      },
      "4": {
        "time": 0.12233333333333334,
        "speedup": 2.900185286103542,
        "efficiency": 72.50463215258856
      },
      "8": {
        "time": 0.09066666666666666,
        "speedup": 3.913117647058824,
        "efficiency": 48.9139705882353
      }
    }
  },
  "cross_language": {
    "c_parallel": 0.09033333333333333,
    "python_parallel": 18.78452366666667,
    "speedup_c_over_python": 207.9467564575646,
    "time_reduction_vs_python": 99.51910767110039
  }
}